{
  "nodes": {
    "ai-rename#1": {
      "contentWidth": 450,
      "rfNode": {
        "position": {
          "x": -117.70949999999996,
          "y": 27
        }
      }
    },
    "copy_folder#1": {
      "contentWidth": 450,
      "rfNode": {
        "position": {
          "x": -642.0721213004506,
          "y": 14.423661369575267
        }
      }
    }
  }
}