{
  "nodes": {
    "copy_dir#1": {
      "contentWidth": 450,
      "rfNode": {
        "position": {
          "x": 770.8432238206112,
          "y": 222.45563473911116
        }
      }
    },
    "ai-rename#2": {
      "contentWidth": 450,
      "rfNode": {
        "position": {
          "x": 1293.7566555322067,
          "y": 204.79764099121428
        }
      }
    },
    "tiny-pngs#1": {
      "contentWidth": 450,
      "rfNode": {
        "position": {
          "x": 1837.1355185148113,
          "y": 204.79764099121428
        }
      }
    }
  }
}