{
  "nodes": {
    "ai-rename#1": {
      "contentWidth": 419.0935924204781,
      "rfNode": {
        "position": {
          "x": 928,
          "y": 13.5
        }
      }
    },
    "ai-rename#2": {
      "rfNode": {
        "position": {
          "x": -265.86913992645106,
          "y": -28.107750078471085
        }
      }
    },
    "copy-dir#2": {
      "contentWidth": 450,
      "rfNode": {
        "position": {
          "x": -610.3914038720135,
          "y": 231.5
        }
      }
    },
    "empty-dir#1": {
      "contentWidth": 450,
      "rfNode": {
        "position": {
          "x": -136.44748676067732,
          "y": 245.73997195193294
        }
      }
    },
    "ai-rename#3": {
      "contentWidth": 450,
      "rfNode": {
        "position": {
          "x": 433.7355562530763,
          "y": 68.88509251686676
        }
      }
    }
  }
}